﻿<?xml version="1.0" encoding="UTF-8"?>
<persistentplayerdata>
  <player platform="EOS" userid="00029f60e5374db6810e08487d913516" playername="nobunga" lastlogin="2021-12-20 20:30:04">
    <acl platform="EOS" userid="000271db98544224a726bff1f6768f1d" />
    <acl platform="EOS" userid="000252a430424e10967320692092a0ed" />
    <lpblock pos="602,52,-1584" />
    <bedroll pos="642,51,-1459" />
  </player>
  <player platform="EOS" userid="000271db98544224a726bff1f6768f1d" playername="cfbirdzilla" lastlogin="2021-12-20 20:29:38">
    <acl platform="EOS" userid="00029f60e5374db6810e08487d913516" />
    <acl platform="EOS" userid="000252a430424e10967320692092a0ed" />
    <bedroll pos="643,51,-1461" />
  </player>
  <player platform="EOS" userid="000252a430424e10967320692092a0ed" playername="Smitty Werbenjagermanjensen" lastlogin="2021-12-19 20:18:19">
    <acl platform="EOS" userid="000271db98544224a726bff1f6768f1d" />
    <acl platform="EOS" userid="00029f60e5374db6810e08487d913516" />
    <bedroll pos="431,46,-1476" />
  </player>
</persistentplayerdata>